------------------------------------------------------------
-- 1. 카테고리 등록
------------------------------------------------------------
INSERT INTO store_category(name) VALUES
                                     ('커피'),
                                     ('버블티'),
                                     ('김밥/분식'),
                                     ('샌드위치'),
                                     ('디저트/빵'),
                                     ('샐러드/덮밥'),
                                     ('버거'),
                                     ('기타');

------------------------------------------------------------
-- 2. 스토어 등록 (location은 건물명 그대로 사용)
-- 좌표 x,y는 임시로 0.0 (지도 들어오면 수정)
------------------------------------------------------------

-- 본부관
INSERT INTO store(id, name, location, x, y, category_id) VALUES
    (1, '카페-K', '본부관', 0.0, 0.0, 1);

-- 북악관
INSERT INTO store(id, name, location, x, y, category_id) VALUES
                                                             (2, '카페미르(북악)', '북악관', 0.0, 0.0, 1),
                                                             (3, '공차', '북악관', 0.0, 0.0, 2),
                                                             (4, 'K-GIMBOB+', '북악관', 0.0, 0.0, 3),
                                                             (5, '써브웨이', '북악관', 0.0, 0.0, 4);

-- 법학관
INSERT INTO store(id, name, location, x, y, category_id) VALUES
    (6, '스무디킹', '법학관', 0.0, 0.0, 2);

-- 예술관
INSERT INTO store(id, name, location, x, y, category_id) VALUES
    (7, 'Cafe Namu(예술관)', '예술관', 0.0, 0.0, 1);

-- 복지관
INSERT INTO store(id, name, location, x, y, category_id) VALUES
                                                             (8, 'Cafe Namu(복지관)', '복지관', 0.0, 0.0, 1),
                                                             (9, '플레이스엔', '복지관', 0.0, 0.0, 5),
                                                             (10, 'K-BOB+', '복지관', 0.0, 0.0, 6),
                                                             (11, '샐러디', '복지관', 0.0, 0.0, 6),
                                                             (12, '버거운버거', '복지관', 0.0, 0.0, 7);

-- 공학관
INSERT INTO store(id, name, location, x, y, category_id) VALUES
                                                            (13, '카페미르(공학관)', '공학관', 0.0, 0.0, 1),
                                                             (14, '맘스터치', '공학관', 0.0, 0.0, 7);

-- 성곡도서관
INSERT INTO store(id, name, location, x, y, category_id) VALUES
    (15, '할리스 커피', '성곡도서관', 0.0, 0.0, 1);

-- 과학관
INSERT INTO store(id, name, location, x, y, category_id) VALUES
    (16, '카페(과학관)', '과학관', 0.0, 0.0, 1);


------------------------------------------------------------
-- 3. 메뉴 등록
------------------------------------------------------------

-- 본부관: 카페-K
INSERT INTO menu_item(name, price, store_id) VALUES
                                                 ('카라멜 마키야또', 6100, 1),
                                                 ('카페모카', 5700, 1),
                                                 ('바닐라 라떼', 6100, 1),
                                                 ('카페 라떼', 5200, 1),
                                                 ('카푸치노', 5200, 1),
                                                 ('아메리카노', 4500, 1),
                                                 ('디카페인 아메리카노', 4900, 1),
                                                 ('에스프레소', 4000, 1);

-- 북악관: 카페미르
INSERT INTO menu_item(name, price, store_id) VALUES
                                                 ('카라멜 마키야또', 6100, 2),
                                                 ('카페모카', 5700, 2),
                                                 ('바닐라 라떼', 6100, 2),
                                                 ('카페 라떼', 5200, 2),
                                                 ('카푸치노', 5200, 2),
                                                 ('아메리카노', 4500, 2),
                                                 ('디카페인 아메리카노', 4900, 2),
                                                 ('에스프레소', 4000, 2);

-- 북악관: 공차
INSERT INTO menu_item(name, price, store_id) VALUES
                                                 ('블랙 밀크티', 4000, 3),
                                                 ('얼그레이 밀크티', 4000, 3),
                                                 ('타로 밀크티', 4000, 3),
                                                 ('우롱티', 3500, 3),
                                                 ('망고 요구르트', 5000, 3),
                                                 ('딸키 쿠키 스무디', 5300, 3),
                                                 ('청포도 스무디', 4800, 3),
                                                 ('제주 그린 밀크티', 4700, 3);

-- 북악관: K-GIMBOB+
INSERT INTO menu_item(name, price, store_id) VALUES
                                                 ('국민김밥', 3300, 4),
                                                 ('치즈김밥', 3900, 4),
                                                 ('참치김밥', 4000, 4),
                                                 ('크래미김밥', 4300, 4),
                                                 ('국민우동', 5000, 4),
                                                 ('떡볶이', 3500, 4),
                                                 ('순대', 3500, 4),
                                                 ('소떡소떡', 3000, 4);

-- 북악관: 써브웨이
INSERT INTO menu_item(name, price, store_id) VALUES
                                                 ('에그마요', 4300, 5),
                                                 ('햄', 4700, 5),
                                                 ('치킨 데리야끼', 5400, 5),
                                                 ('터키 베이컨', 5600, 5),
                                                 ('스파이시 이탈리안', 5600, 5),
                                                 ('비엘티', 5300, 5),
                                                 ('폴드포크', 5900, 5),
                                                 ('이탈리안 비엘티', 5500, 5);

-- 법학관: 스무디킹
INSERT INTO menu_item(name, price, store_id) VALUES
                                                 ('엔젤 푸드', 5500, 6),
                                                 ('스트로베리 익스트림', 5500, 6),
                                                 ('망고 페스티벌', 5500, 6),
                                                 ('레몬 트위스트 스트로베리', 5500, 6),
                                                 ('오렌지 레볼루션', 5500, 6),
                                                 ('오렌지 카밤', 4900, 6),
                                                 ('스트로베리 키스', 4900, 6),
                                                 ('그릭요거트 스트로베리 블루베리', 5500, 6);

-- 예술관: Cafe Namu
INSERT INTO menu_item(name, price, store_id) VALUES
                                                 ('카라멜 마키야또', 6100, 7),
                                                 ('카페모카', 5700, 7),
                                                 ('바닐라 라떼', 6100, 7),
                                                 ('카페 라떼', 5200, 7),
                                                 ('카푸치노', 5200, 7),
                                                 ('아메리카노', 4500, 7),
                                                 ('디카페인 아메리카노', 4900, 7),
                                                 ('에스프레소', 4000, 7);

-- 복지관 Cafe Namu
INSERT INTO menu_item(name, price, store_id) VALUES
                                                 ('카라멜 마키야또', 6100, 8),
                                                 ('카페모카', 5700, 8),
                                                 ('바닐라 라떼', 6100, 8),
                                                 ('카페 라떼', 5200, 8),
                                                 ('카푸치노', 5200, 8),
                                                 ('아메리카노', 4500, 8),
                                                 ('디카페인 아메리카노', 4900, 8),
                                                 ('에스프레소', 4000, 8);

-- 복지관: 플레이스엔
INSERT INTO menu_item(name, price, store_id) VALUES
                                                 ('연유바게트', 3000, 9),
                                                 ('감자바게트', 4000, 9),
                                                 ('보스턴 오꼬노미', 3800, 9),
                                                 ('대파 명란 베이컨', 3800, 9),
                                                 ('메론빵', 3000, 9),
                                                 ('블루베리소보로', 3000, 9),
                                                 ('뺑오 쇼콜라', 4000, 9),
                                                 ('부추 베이글', 3800, 9);

-- 복지관: K-BOB+
INSERT INTO menu_item(name, price, store_id) VALUES
                                                 ('통스팸김피덮밥', 6500, 10),
                                                 ('핵불닭덮밥', 7500, 10),
                                                 ('돈가스마요덮밥', 7500, 10),
                                                 ('우삼겹 오므라이스', 9000, 10),
                                                 ('흑돼지스팸김치찌개', 7900, 10),
                                                 ('육회비빔밥', 7700, 10),
                                                 ('우삼겹비빔밥', 7900, 10),
                                                 ('통큰소세지 오므라이스', 8000, 10);

-- 복지관: 샐러디
INSERT INTO menu_item(name, price, store_id) VALUES
                                                 ('시저치킨 샐러디', 5100, 11),
                                                 ('멕시칸 샐러디', 5300, 11),
                                                 ('연어 샐러디', 6500, 11),
                                                 ('탄단지 샐러디', 6200, 11),
                                                 ('차돌박이 웜볼', 6700, 11),
                                                 ('칠리베이컨 웜볼', 6200, 11),
                                                 ('차돌박이 웜랩', 5800, 11),
                                                 ('칠리베이컨 웜랩', 5300, 11);

-- 복지관: 버거운버거
INSERT INTO menu_item(name, price, store_id) VALUES
                                                 ('버거운 치킨버거', 4600, 12),
                                                 ('갈릭마요 치킨버거', 5500, 12),
                                                 ('딥치즈 치킨버거', 5000, 12),
                                                 ('화이트어니언 치킨버거', 5300, 12),
                                                 ('데리마요 치킨버거', 5000, 12),
                                                 ('핫치킨버거', 5000, 12),
                                                 ('불닭치즈 카츠버거', 8000, 12),
                                                 ('스노우 치킨버거', 5000, 12);

-- 공학관: 카페미르
INSERT INTO menu_item(name, price, store_id) VALUES
                                                 ('카라멜 마키야또', 6100, 13),
                                                 ('카페모카', 5700, 13),
                                                 ('바닐라 라떼', 6100, 13),
                                                 ('카페 라떼', 5200, 13),
                                                 ('카푸치노', 5200, 13),
                                                 ('아메리카노', 4500, 13),
                                                 ('디카페인 아메리카노', 4900, 13),
                                                 ('에스프레소', 4000, 13);

-- 공학관: 맘스터치
INSERT INTO menu_item(name, price, store_id) VALUES
                                                 ('인크레더블버거', 4700, 14),
                                                 ('치즈베이컨버거', 4300, 14),
                                                 ('딥치즈버거', 3800, 14),
                                                 ('화이트갈릭버거', 3900, 14),
                                                 ('휠렛버거', 3400, 14),
                                                 ('햄치즈 휠렛버거', 3700, 14),
                                                 ('싸이버거', 3200, 14),
                                                 ('불싸이버거', 3400, 14);

-- 성곡도서관: 할리스커피
INSERT INTO menu_item(name, price, store_id) VALUES
                                                 ('카라멜 마키야또', 6100, 15),
                                                 ('카페모카', 5700, 15),
                                                 ('바닐라 라떼', 6100, 15),
                                                 ('카페 라떼', 5200, 15),
                                                 ('카푸치노', 5200, 15),
                                                 ('아메리카노', 4500, 15),
                                                 ('디카페인 아메리카노', 4900, 15),
                                                 ('에스프레소', 4000, 15);

-- 과학관 카페
INSERT INTO menu_item(name, price, store_id) VALUES
                                                 ('카라멜 마키야또', 6100, 16),
                                                 ('카페모카', 5700, 16),
                                                 ('바닐라 라떼', 6100, 16),
                                                 ('카페 라떼', 5200, 16),
                                                 ('카푸치노', 5200, 16),
                                                 ('아메리카노', 4500, 16),
                                                 ('디카페인 아메리카노', 4900, 16),
                                                 ('에스프레소', 4000, 16);
